Workbook

Sheet Input & Hasil
B2: SISTEM STOK: ABC + TITIK PESAN ULANG OTOMATIS
B3: Isi kolom kuning (B sampai H). Kolom hijau menghitung otomatis. Tambah baris ke bawah sesuai kebutuhan.
B5: SKU | C5: Nama Produk | D5: Kategori | E5: Stok Saat Ini | F5: HPP / unit | G5: Permintaan/bln | H5: Lead Time (mgg) | I5: Nilai Stok | J5: Nilai Konsumsi/Thn | K5: Kelas ABC | L5: Safety Stock | M5: Titik Pesan Ulang | N5: Status
B6: BRG-001 | C6: Beras Premium 5kg | D6: Sembako | E6: 18 | F6: 58000 | G6: 42 | H6: 2 | I6: =IF(E6="","",E6*F6) | J6: =IF(G6="","",G6*12*F6) | K6: =IF(G6="","",IF(J6>=PERCENTILE($J$6:$J$45,0.8),"A",IF(J6>=PERCENTILE($J$6:$J$45,0.5),"B","C"))) | L6: =IF(G6="","",ROUND(G6/4.33*H6*0.5,0)) | M6: =IF(G6="","",ROUND(G6/4.33*H6+L6,0)) | N6: =IF(E6="","",IF(E6<=M6,"PESAN ULANG","Aman"))
B7: BRG-002 | C7: Minyak Goreng 2L | D7: Sembako | E7: 9 | F7: 30000 | G7: 55 | H7: 1 | I7: =IF(E7="","",E7*F7) | J7: =IF(G7="","",G7*12*F7) | K7: =IF(G7="","",IF(J7>=PERCENTILE($J$6:$J$45,0.8),"A",IF(J7>=PERCENTILE($J$6:$J$45,0.5),"B","C"))) | L7: =IF(G7="","",ROUND(G7/4.33*H7*0.5,0)) | M7: =IF(G7="","",ROUND(G7/4.33*H7+L7,0)) | N7: =IF(E7="","",IF(E7<=M7,"PESAN ULANG","Aman"))
B8: BRG-003 | C8: Kopi Sachet (dus) | D8: Minuman | E8: 33 | F8: 95000 | G8: 18 | H8: 3 | I8: =IF(E8="","",E8*F8) | J8: =IF(G8="","",G8*12*F8) | K8: =IF(G8="","",IF(J8>=PERCENTILE($J$6:$J$45,0.8),"A",IF(J8>=PERCENTILE($J$6:$J$45,0.5),"B","C"))) | L8: =IF(G8="","",ROUND(G8/4.33*H8*0.5,0)) | M8: =IF(G8="","",ROUND(G8/4.33*H8+L8,0)) | N8: =IF(E8="","",IF(E8<=M8,"PESAN ULANG","Aman"))
B9: BRG-004 | C9: Sabun Mandi | D9: Perawatan | E9: 70 | F9: 2800 | G9: 180 | H9: 1 | I9: =IF(E9="","",E9*F9) | J9: =IF(G9="","",G9*12*F9) | K9: =IF(G9="","",IF(J9>=PERCENTILE($J$6:$J$45,0.8),"A",IF(J9>=PERCENTILE($J$6:$J$45,0.5),"B","C"))) | L9: =IF(G9="","",ROUND(G9/4.33*H9*0.5,0)) | M9: =IF(G9="","",ROUND(G9/4.33*H9+L9,0)) | N9: =IF(E9="","",IF(E9<=M9,"PESAN ULANG","Aman"))
B10: BRG-005 | C10: Aki Kering | D10: Sparepart | E10: 6 | F10: 420000 | G10: 9 | H10: 3 | I10: =IF(E10="","",E10*F10) | J10: =IF(G10="","",G10*12*F10) | K10: =IF(G10="","",IF(J10>=PERCENTILE($J$6:$J$45,0.8),"A",IF(J10>=PERCENTILE($J$6:$J$45,0.5),"B","C"))) | L10: =IF(G10="","",ROUND(G10/4.33*H10*0.5,0)) | M10: =IF(G10="","",ROUND(G10/4.33*H10+L10,0)) | N10: =IF(E10="","",IF(E10<=M10,"PESAN ULANG","Aman"))
I11: =IF(E11="","",E11*F11) | J11: =IF(G11="","",G11*12*F11) | K11: =IF(G11="","",IF(J11>=PERCENTILE($J$6:$J$45,0.8),"A",IF(J11>=PERCENTILE($J$6:$J$45,0.5),"B","C"))) | L11: =IF(G11="","",ROUND(G11/4.33*H11*0.5,0)) | M11: =IF(G11="","",ROUND(G11/4.33*H11+L11,0)) | N11: =IF(E11="","",IF(E11<=M11,"PESAN ULANG","Aman"))
I12: =IF(E12="","",E12*F12) | J12: =IF(G12="","",G12*12*F12) | K12: =IF(G12="","",IF(J12>=PERCENTILE($J$6:$J$45,0.8),"A",IF(J12>=PERCENTILE($J$6:$J$45,0.5),"B","C"))) | L12: =IF(G12="","",ROUND(G12/4.33*H12*0.5,0)) | M12: =IF(G12="","",ROUND(G12/4.33*H12+L12,0)) | N12: =IF(E12="","",IF(E12<=M12,"PESAN ULANG","Aman"))
I13: =IF(E13="","",E13*F13) | J13: =IF(G13="","",G13*12*F13) | K13: =IF(G13="","",IF(J13>=PERCENTILE($J$6:$J$45,0.8),"A",IF(J13>=PERCENTILE($J$6:$J$45,0.5),"B","C"))) | L13: =IF(G13="","",ROUND(G13/4.33*H13*0.5,0)) | M13: =IF(G13="","",ROUND(G13/4.33*H13+L13,0)) | N13: =IF(E13="","",IF(E13<=M13,"PESAN ULANG","Aman"))
I14: =IF(E14="","",E14*F14) | J14: =IF(G14="","",G14*12*F14) | K14: =IF(G14="","",IF(J14>=PERCENTILE($J$6:$J$45,0.8),"A",IF(J14>=PERCENTILE($J$6:$J$45,0.5),"B","C"))) | L14: =IF(G14="","",ROUND(G14/4.33*H14*0.5,0)) | M14: =IF(G14="","",ROUND(G14/4.33*H14+L14,0)) | N14: =IF(E14="","",IF(E14<=M14,"PESAN ULANG","Aman"))
I15: =IF(E15="","",E15*F15) | J15: =IF(G15="","",G15*12*F15) | K15: =IF(G15="","",IF(J15>=PERCENTILE($J$6:$J$45,0.8),"A",IF(J15>=PERCENTILE($J$6:$J$45,0.5),"B","C"))) | L15: =IF(G15="","",ROUND(G15/4.33*H15*0.5,0)) | M15: =IF(G15="","",ROUND(G15/4.33*H15+L15,0)) | N15: =IF(E15="","",IF(E15<=M15,"PESAN ULANG","Aman"))
I16: =IF(E16="","",E16*F16) | J16: =IF(G16="","",G16*12*F16) | K16: =IF(G16="","",IF(J16>=PERCENTILE($J$6:$J$45,0.8),"A",IF(J16>=PERCENTILE($J$6:$J$45,0.5),"B","C"))) | L16: =IF(G16="","",ROUND(G16/4.33*H16*0.5,0)) | M16: =IF(G16="","",ROUND(G16/4.33*H16+L16,0)) | N16: =IF(E16="","",IF(E16<=M16,"PESAN ULANG","Aman"))
I17: =IF(E17="","",E17*F17) | J17: =IF(G17="","",G17*12*F17) | K17: =IF(G17="","",IF(J17>=PERCENTILE($J$6:$J$45,0.8),"A",IF(J17>=PERCENTILE($J$6:$J$45,0.5),"B","C"))) | L17: =IF(G17="","",ROUND(G17/4.33*H17*0.5,0)) | M17: =IF(G17="","",ROUND(G17/4.33*H17+L17,0)) | N17: =IF(E17="","",IF(E17<=M17,"PESAN ULANG","Aman"))
I18: =IF(E18="","",E18*F18) | J18: =IF(G18="","",G18*12*F18) | K18: =IF(G18="","",IF(J18>=PERCENTILE($J$6:$J$45,0.8),"A",IF(J18>=PERCENTILE($J$6:$J$45,0.5),"B","C"))) | L18: =IF(G18="","",ROUND(G18/4.33*H18*0.5,0)) | M18: =IF(G18="","",ROUND(G18/4.33*H18+L18,0)) | N18: =IF(E18="","",IF(E18<=M18,"PESAN ULANG","Aman"))
I19: =IF(E19="","",E19*F19) | J19: =IF(G19="","",G19*12*F19) | K19: =IF(G19="","",IF(J19>=PERCENTILE($J$6:$J$45,0.8),"A",IF(J19>=PERCENTILE($J$6:$J$45,0.5),"B","C"))) | L19: =IF(G19="","",ROUND(G19/4.33*H19*0.5,0)) | M19: =IF(G19="","",ROUND(G19/4.33*H19+L19,0)) | N19: =IF(E19="","",IF(E19<=M19,"PESAN ULANG","Aman"))
I20: =IF(E20="","",E20*F20) | J20: =IF(G20="","",G20*12*F20) | K20: =IF(G20="","",IF(J20>=PERCENTILE($J$6:$J$45,0.8),"A",IF(J20>=PERCENTILE($J$6:$J$45,0.5),"B","C"))) | L20: =IF(G20="","",ROUND(G20/4.33*H20*0.5,0)) | M20: =IF(G20="","",ROUND(G20/4.33*H20+L20,0)) | N20: =IF(E20="","",IF(E20<=M20,"PESAN ULANG","Aman"))
I21: =IF(E21="","",E21*F21) | J21: =IF(G21="","",G21*12*F21) | K21: =IF(G21="","",IF(J21>=PERCENTILE($J$6:$J$45,0.8),"A",IF(J21>=PERCENTILE($J$6:$J$45,0.5),"B","C"))) | L21: =IF(G21="","",ROUND(G21/4.33*H21*0.5,0)) | M21: =IF(G21="","",ROUND(G21/4.33*H21+L21,0)) | N21: =IF(E21="","",IF(E21<=M21,"PESAN ULANG","Aman"))
I22: =IF(E22="","",E22*F22) | J22: =IF(G22="","",G22*12*F22) | K22: =IF(G22="","",IF(J22>=PERCENTILE($J$6:$J$45,0.8),"A",IF(J22>=PERCENTILE($J$6:$J$45,0.5),"B","C"))) | L22: =IF(G22="","",ROUND(G22/4.33*H22*0.5,0)) | M22: =IF(G22="","",ROUND(G22/4.33*H22+L22,0)) | N22: =IF(E22="","",IF(E22<=M22,"PESAN ULANG","Aman"))
... I45: =IF(E45="","",E45*F45) | J45: =IF(G45="","",G45*12*F45) | K45: =IF(G45="","",IF(J45>=PERCENTILE($J$6:$J$45,0.8),"A",IF(J45>=PERCENTILE($J$6:$J$45,0.5),"B","C"))) | L45: =IF(G45="","",ROUND(G45/4.33*H45*0.5,0)) | M45: =IF(G45="","",ROUND(G45/4.33*H45+L45,0)) | N45: =IF(E45="","",IF(E45<=M45,"PESAN ULANG","Aman"))

Sheet Ringkasan
B2: RINGKASAN OTOMATIS
B4: Total nilai stok | E4: =SUM('Input & Hasil'!I6:I45)
B5: Jumlah SKU | E5: =COUNTA('Input & Hasil'!B6:B45)
B6: Perlu pesan ulang | E6: =COUNTIF('Input & Hasil'!N6:N45,"PESAN ULANG")
B7: SKU kelas A | E7: =COUNTIF('Input & Hasil'!K6:K45,"A")
B8: Nilai stok kelas A | E8: =SUMIF('Input & Hasil'!K6:K45,"A",'Input & Hasil'!I6:I45)

Sheet Petunjuk
B2: CARA PAKAI TEMPLATE INI
B4: 1. Buka sheet 'Input & Hasil'. Isi HANYA kolom kuning (SKU, Nama, Kategori, Stok, HPP, Permintaan per bulan, Lead time minggu).
B5: 2. Kolom hijau menghitung sendiri: Nilai stok, Kelas ABC, Safety stock, Titik pesan ulang, dan Status.
B6: 3. Baris berstatus 'PESAN ULANG' (merah) berarti stok sudah di bawah titik aman. Segera pesan.
B7: 4. Sheet 'Ringkasan' merangkum total nilai stok, jumlah SKU, dan berapa yang perlu dipesan ulang.
B9: APA ITU KELAS ABC?
B10: Kelas A = produk paling bernilai (kelola paling ketat). B = menengah. C = nilai kecil. Aturan: fokuskan modal dan perhatian ke kelas A.
B12: CATATAN
B13: Safety stock memakai asumsi sederhana (separuh permintaan selama lead time). Anda bisa menyesuaikan angka pengali di kolom Safety Stock bila punya data variasi permintaan.
B15: Disusun oleh David Izzulhaq, Analis Data. davidizzulhaq.github.io
